"dvit","ACCID","circ","ar","iPC1","iPC2","iPC3","oPC1","oPC2","oPC3","symPC1","symPC2","symPC3"
"DVIT_1001",10636,0.30275,1.0845,-12.8007,4.06145,-14.5999,-237.881,-49.7551,8.64849,0.179,0.0177,0.030075
"DVIT_1003",10646,0.215,1.1305,24.3933,1.79973,4.30889,-50.7542,11.8451,17.4746,0.0368,-0.0209251,-0.039255
"DVIT_1004",10647,0.261625,1.10962,14.8235,-13.3823,3.65274,-113.887,-45.0709,-13.0125,0.0679525,-0.00390125,-0.003026
"DVIT_1005",10659,0.139375,1.07987,0.523541,-3.9244,3.90947,17.2666,-45.6853,21.7246,-0.00862857,0.02284,-0.0108857
"DVIT_1007",147702,0.274375,1.07225,-15.0696,14.8397,3.81258,-146.867,50.0916,15.247,0.14743,-0.0152136,0.0453387
"DVIT_1008",147703,0.166625,1.07238,-13.0087,0.8582,2.0327,100.174,72.2813,8.56369,-0.00377125,-0.034125,0.01844
"DVIT_1010",147707,0.12675,1.05212,-20.3312,16.4677,9.06313,167.212,60.3404,23.3697,-0.0711,-0.0274333,0.00686667
"DVIT_1011",147710,0.215625,1.10038,-10.8978,3.28204,7.54879,-193.653,74.9336,15.4269,0.160629,-0.00364429,0.0442629
"DVIT_1019",147862,0.195625,1.08613,-5.84036,-2.40996,-9.83166,21.9728,-70.7209,28.0823,0.0253375,-0.0376375,-0.0304987
"DVIT_1021",147744,0.271125,1.06775,-19.0495,15.1087,21.4201,-179.422,120.365,-1.59082,0.165,-0.0148614,0.0469571
"DVIT_1025",138062,0.175375,1.1195,-3.63273,-5.10382,-2.86898,61.7623,-102.168,16.5657,-0.0133208,-0.0354625,6.2e-05
"DVIT_1028",147964,0.312,1.06288,-15.5754,8.07001,2.33052,-194.667,39.0124,-44.5273,0.151525,-0.00142112,0.035625
"DVIT_1029",140078,0.371375,1.17563,48.3845,13.084,3.27149,-250.363,-5.25549,-18.594,0.127213,0.0192563,0.0050725
"DVIT_1030",138063,0.231375,1.09137,-20.2123,-5.82552,-22.0134,-174.907,-111.907,19.9818,0.118638,-0.00333999,0.0128963
"DVIT_1031",147723,0.195625,1.06675,0.917961,-4.84052,4.02667,103.612,93.8169,-79.4962,-0.020225,-0.051675,0.01225
"DVIT_1032",147807,0.171,1.1195,8.22426,-22.2882,-0.571853,-15.4787,-111.727,-6.13417,0.0039,-0.0115,-0.046025
"DVIT_1034",147795,0.179625,1.082,13.3276,1.31209,11.7548,63.2369,29.1644,21.5047,-0.0298633,-0.01985,0.0439167
"DVIT_1036",147779,0.15925,1.08587,-34.9269,-5.80281,10.3423,111.903,76.2405,-15.5662,-0.0455333,0.063615,-0.0223617
"DVIT_1037",168796,0.169,1.09763,10.5693,6.82318,-19.4478,42.2379,-195.523,23.0799,-0.0097875,-0.0146862,-0.0227825
"DVIT_1039",147821,0.312,1.12462,8.61328,-6.09523,1.84217,-268.073,-32.2896,-12.0665,0.192,0.00431412,0.0389662
"DVIT_1040",147829,0.183625,1.05713,-4.46086,-0.31161,1.94934,113.74,43.0714,22.2413,-0.0638388,-0.061775,0.0261
"DVIT_1041",147967,0.218125,1.08738,0.299201,24.7336,8.14243,-207.311,42.4692,13.9986,0.156087,0.0101662,0.0197075
"DVIT_1042",10943,0.277875,1.09725,-18.2205,-11.9523,-4.24434,-179.352,46.8232,-29.6625,0.1241,0.0278362,-0.0147044
"DVIT_1043",147844,0.149125,1.09425,1.64624,5.97322,4.93042,1.43932,-8.91277,-39.9281,-0.0113526,0.0374263,-0.017355
"DVIT_1045",147861,0.117625,1.0765,10.145,-13.1968,15.9189,338.238,115.434,-93.1722,-0.1582,0.037178,0.047
"DVIT_1046",147952,0.21125,1.09525,11.7501,-9.81521,-5.91079,-162.893,-47.8822,-149.521,0.0542125,-0.0115637,-0.00415838
"DVIT_1049",147905,0.149,1.06937,-10.4553,-5.36704,-3.14226,109.74,-3.27145,6.70229,-0.034875,-0.0312613,-0.00429
"DVIT_1051",147904,0.18925,1.15687,21.6751,-1.83793,-1.31296,-7.89739,-135.44,45.4462,-0.060225,-0.0088625,0.011655
"DVIT_1052",563980,0.221,1.12787,-18.4078,30.8189,-0.0531094,-101.568,17.2646,52.4014,0.107013,-0.005065,0.0249375
"DVIT_1053",150562,0.224,1.09512,9.16255,3.06095,5.44028,-14.7249,69.149,3.98474,-0.0193625,1.63e-05,0.0163185
"DVIT_1054",160604,0.136625,1.05412,3.56379,-17.7042,19.7142,157.247,38.5045,19.7434,-0.0892638,0.0173738,0.0278312
"DVIT_1057",147698,0.14675,1.08237,-0.969845,8.60321,-3.99372,196.872,-128.452,-3.71736,-0.02805,-0.0782338,-0.0321
"DVIT_1058",563993,0.1645,1.16987,18.8334,9.608,-7.04698,70.6362,-159.087,54.8061,-0.0722,-0.100129,-0.0307743
"DVIT_1060",11053,0.27875,1.1525,28.7029,-7.48662,-0.830961,-206.592,5.56024,8.67165,0.040575,0.023375,-0.03084
"DVIT_1061",11064,0.277375,1.128,31.1388,1.30057,8.02321,-2.29905,55.8985,21.556,-0.0483875,-0.0125362,0.0184162
"DVIT_1065",564009,0.225375,1.0765,1.68448,-3.37638,9.05406,-65.1469,103.501,10.799,0.0646188,-0.00632912,0.0185363
"DVIT_1069",189592,0.2555,1.0655,-11.123,7.01664,16.3251,-98.4242,68.8184,-20.2839,0.083,-0.00630125,0.0268125
"DVIT_1070",197528,0.113375,1.0665,-0.821548,-11.4402,-9.42608,294.16,-46.3041,-26.796,-0.147429,-0.0231503,-0.0442571
"DVIT_1072",184751,0.133375,1.07388,-5.04553,-3.09171,-0.384758,185.662,25.7076,29.8046,-0.0814875,-0.0195563,-0.000244437
"DVIT_1074",189594,0.240625,1.09963,28.8995,-6.01083,-6.20453,-42.4567,-134.865,-58.0786,-0.0623125,0.005375,-0.0208788
"DVIT_1076",197556,0.176,1.12375,-1.0222,-15.9702,-29.386,34.4938,-260.174,-1.93599,-0.147025,0.001175,-0.043125
"DVIT_1080",251316,0.254625,1.113,13.4619,11.1719,2.65556,-49.8286,-10.9674,25.9482,0.0317125,-0.0087625,0.0258225
"DVIT_1081",254977,0.166625,1.08238,15.4228,-21.4128,-9.22773,54.3811,-28.9579,-12.9468,-0.026925,-0.0134601,-0.0346037
"DVIT_1085",337794,0.19725,1.07075,-25.6259,8.61731,2.06542,-37.7252,-20.9725,-32.7527,0.0580529,0.00715625,-0.0141537
"DVIT_1092",11287,0.1705,1.139,13.9811,-18.1187,-14.8725,38.1532,-114.569,-5.2785,-0.1259,-0.003575,-0.005762
"DVIT_1095",11315,0.177,1.10875,17.8509,-3.88631,-10.8723,96.7057,-21.8865,19.574,-0.08491,0.019775,0.00475125
"DVIT_1099",256740,0.146375,1.06438,7.40081,21.723,-10.3764,77.4834,-76.2086,50.8074,-0.0530225,-0.02098,-0.00427125
"DVIT_1102",515483,0.1955,1.056,21.8769,10.1207,12.7511,23.3816,44.8324,-30.312,-0.008015,-0.0365575,0.01765
"DVIT_1103",564014,0.219625,1.095,-2.57814,3.03093,14.6924,-102.12,163.286,-6.71967,0.045825,0.0232979,-0.0118425
"DVIT_1108",333951,0.1865,1.12375,0.723641,27.4498,2.23074,47.995,-87.5903,44.4158,-0.0352,-0.06535,0.0177925
"DVIT_1114",337783,0.17925,1.13912,16.3558,9.53857,5.54646,-55.4416,-47.0499,11.6918,0.0432625,-0.0257138,0.0532
"DVIT_1117",219408,0.3875,1.23013,29.5472,-10.2452,-16.574,-267.578,-195.506,-13.6047,0.04091,-0.0022375,-0.0546313
"DVIT_1119",318224,0.1755,1.05488,11.1159,-8.81092,-21.5453,76.0668,-130.666,-33.397,-0.037084,-0.0333625,-0.0517
"DVIT_1122",318225,0.143375,1.11013,-1.70031,-10.6366,-26.5123,-37.5299,-119.067,28.6399,-0.0331125,0.00932,-0.0649375
"DVIT_1124",11535,0.1655,1.07763,3.71965,8.20903,9.48742,137.893,-4.24396,13.5878,-0.09835,-0.0125962,0.050915
"DVIT_1125",253178,0.168625,1.14675,-12.7872,-12.9423,-6.14514,72.1534,-114.226,-64.2853,-0.0709225,-0.003925,-0.0220038
"DVIT_1127",564015,0.2835,1.12625,30.1482,-22.9545,0.8142,-124.47,-11.5997,-36.8414,0.0499625,0.0153112,-0.03019
"DVIT_1130",11581,0.36125,1.0695,0.57224,-19.8232,18.029,-191.549,68.5888,-47.1947,0.08575,-0.01501,0.0440175
"DVIT_1150",253177,0.239,1.09788,-38.9291,14.7275,1.06401,-111.554,-30.6175,46.7249,0.0619963,-0.029425,0.01287
"DVIT_1306",208343,0.16125,1.06675,2.33471,10.9957,-1.74444,39.843,26.7742,31.0429,0.0279625,0.0260775,-0.003065
"DVIT_1309",12853,0.15575,1.1795,24.4477,-21.3339,-23.3145,118.363,-157.846,41.0872,-0.0993125,-0.06245,-0.0868175
"DVIT_131",3270,0.344375,1.07075,21.6883,2.42083,-16.1439,-260.936,-101.45,-55.0541,0.0915125,0.0344875,-0.0221338
"DVIT_1313",12884,0.167375,1.08787,-31.1361,13.9914,26.4678,36.4134,217.514,-6.16998,0.063675,0.0462375,0.0174514
"DVIT_1314",12893,0.18175,1.1205,-6.2884,-11.0514,20.1453,103.72,85.4903,-17.4771,-0.0536675,0.0306867,-0.0065075
"DVIT_1318",197554,0.193875,1.05325,-2.54885,-14.4667,4.49358,92.4421,30.6334,2.25448,-0.082075,-0.022975,0.0168862
"DVIT_1330",13024,0.1765,1.09925,0.685296,5.3374,-6.72965,-43.6003,-81.9029,10.2442,0.0470375,0.0243699,0.0109412
"DVIT_1333",13039,0.1735,1.08637,23.5407,9.72605,-13.1773,85.9864,-70.8397,43.0146,-0.0134857,-0.0223429,0.00912571
"DVIT_1334",13055,NA,NA,NA,NA,NA,NA,NA,NA,0.0414886,-0.00245714,-0.0150729
"DVIT_1341",13103,NA,NA,NA,NA,NA,NA,NA,NA,-0.05815,-0.0471714,0.0198571
"DVIT_1353",13210,NA,NA,NA,NA,NA,NA,NA,NA,-0.0233525,-0.0126038,-0.0093885
"DVIT_1356",147869,0.1645,1.10113,-16.1428,-5.73919,4.04043,54.9778,11.2502,-29.9566,-0.0324,0.0349712,0.00999875
"DVIT_1598",14969,0.139125,1.07963,5.79803,0.864243,12.0227,145.235,9.70646,21.3681,-0.0987125,0.0107287,0.0270875
"DVIT_1650",15286,NA,NA,NA,NA,NA,NA,NA,NA,-0.075225,-0.008065,0.01155
"DVIT_1651",15290,0.2025,1.08838,-5.08447,1.29664,-19.4455,-36.6845,26.6528,-74.231,0.032495,0.0065025,-0.0195663
"DVIT_1653",15299,0.278,1.10763,-10.3703,-12.4616,2.71792,-88.2225,2.81394,47.27,0.0214625,-0.012735,0.00126375
"DVIT_1655",15310,0.218625,1.16175,14.0205,-10.1369,-19.282,-23.5009,-126.331,-6.24718,0.0347338,0.0012025,-0.04211
"DVIT_1656",15319,0.16325,1.084,-4.21655,9.88831,18.1921,5.53459,80.6218,62.2992,-0.0204875,0.0235525,0.063925
"DVIT_1658",15329,0.172,1.0725,-6.9439,-11.1751,-10.036,50.7714,-86.6706,-8.23991,-0.0582625,-0.01032,-0.0341137
"DVIT_1663",15357,0.13425,1.1325,46.3883,-17.578,-21.7177,152.296,-207.475,22.2742,-0.0617929,-0.0343386,-0.00881457
"DVIT_1666",15375,0.106875,1.146,45.1383,4.239,-29.3496,42.8589,-127.906,88.5365,-0.0935,-0.00511875,-0.0495
"DVIT_1667",15385,0.137,1.07025,3.65367,4.97699,-11.1129,125.672,-6.46235,15.5247,-0.018275,-0.0122869,-0.04095
"DVIT_1669",15398,0.13475,1.0615,37.438,3.07845,-19.5015,166.992,-144.63,49.6801,-0.0203475,0.0288712,0.0016875
"DVIT_1797",16151,0.212375,1.13413,16.2994,-3.12739,1.98414,15.4382,-26.5889,29.5095,-0.00855125,-0.0422375,0.0205012
"DVIT_1799",16164,0.266625,1.16225,32.9263,-3.042,-7.2916,-247.978,-71.4094,-12.9203,0.1365,-0.001895,0.0192838
"DVIT_1801",16175,0.22025,1.15413,35.6375,14.8674,-4.73529,-38.6626,-90.6555,48.4156,0.00383875,-0.0350497,-0.0141212
"DVIT_1803",16188,0.256375,1.1775,11.7926,-6.99048,13.7295,-69.9085,48.5195,39.8147,0.036225,-0.0642863,0.040575
"DVIT_1804",16199,0.235625,1.17837,34.337,1.06154,3.00876,-60.3657,2.43532,43.4728,0.016295,-0.0346,0.0413353
"DVIT_1805",16200,0.363375,1.08525,-36.2972,-13.5732,8.56203,-250.382,101.153,-81.6409,0.16325,0.024145,0.0327962
"DVIT_1806",16209,0.295,1.1525,-7.09972,-20.359,3.32348,-148.959,25.42,9.99847,0.0738,-0.0146988,-0.0151875
"DVIT_1807",16210,0.31775,1.0905,0.529763,-30.672,13.0588,-231.477,122.535,-70.2002,0.126625,-0.0088375,0.00623125
"DVIT_1808",16221,0.325375,1.184,4.81184,-13.0247,-0.633876,-184.52,-16.3841,6.37016,0.0546375,-0.03138,0.01094
"DVIT_1809",16222,0.36375,1.2295,8.9242,-34.2778,-11.2562,-279.802,-58.5883,-76.1907,0.073725,0.00314,-0.0479538
"DVIT_1811",16234,0.302875,1.14062,-21.8985,-21.1972,-6.25906,-265.127,-50.5436,-10.8222,0.1695,-0.00167,0.0156438
"DVIT_1812",16245,0.296625,1.14613,-8.30199,-1.31648,-4.82566,-222.413,-79.5296,1.06825,0.085625,-0.00962786,-0.0119362
"DVIT_1814",16257,0.1905,1.17675,17.0858,-8.16718,12.1204,-136.609,31.592,27.6437,0.0633425,0.0022625,0.0205555
"DVIT_1840",16423,0.125625,1.19287,31.6161,-16.5264,-2.23938,159.53,-178.15,37.6123,-0.180688,-0.1126,-0.0367375
"DVIT_1841",16424,0.2175,1.06438,8.52563,-25.6081,10.484,6.5508,13.8894,-1.06422,-0.0844875,0.00343,-0.00179425
"DVIT_1976",17358,NA,NA,NA,NA,NA,NA,NA,NA,0.0387775,0.0436625,0.0016625
"DVIT_1977",17364,NA,NA,NA,NA,NA,NA,NA,NA,0.070525,0.0199688,-0.02695
"DVIT_1978",17373,0.1545,1.09075,8.00982,5.1242,14.5081,141.811,90.5587,-50.8278,-0.0962,0.00793375,0.023415
"DVIT_1982",17403,0.13925,1.15275,19.4951,5.3766,-1.6902,33.8921,-50.1194,50.4056,-0.0165375,-0.0235113,-0.0258088
"DVIT_2043",150565,0.145875,1.06925,3.34694,-8.09193,1.71441,201.651,12.7435,-2.35019,-0.121262,0.006075,0.0249888
"DVIT_2046",133125,0.32225,1.0985,-6.51894,5.09581,9.56124,-167.236,83.3255,20.4952,0.14715,0.0248515,-0.0033625
"DVIT_2047",134818,0.197,1.09813,26.0683,-3.38907,-0.550883,47.2992,-34.5872,15.7738,-0.11025,0.0931712,-0.0278625
"DVIT_2061",147970,0.2025,1.11225,11.3688,-14.5998,8.4457,-6.75837,-20.9335,32.1507,-0.0382762,0.0270925,-0.00705375
"DVIT_2063",564046,0.164125,1.1185,1.04914,17.4298,14.1969,36.3221,93.9321,-11.0268,0.002675,-0.0148375,0.0377375
"DVIT_2065",17981,0.18825,1.0715,2.07008,-1.38807,-2.30064,-22.2213,-115.952,-9.34783,-0.0193125,-0.0376812,0.0278625
"DVIT_2067",150564,0.150625,1.037,11.1369,-1.8179,16.7009,87.7059,79.8953,-36.5801,-0.0236875,0.0301225,0.0148625
"DVIT_2071",234427,0.2155,1.07563,-16.9691,-0.415925,12.8188,-90.1368,61.4874,-29.8514,0.0817125,-0.00801,0.007145
"DVIT_2076",18051,0.16625,1.134,6.71799,-2.21527,-13.306,265.065,-74.5184,25.8685,-0.172412,-0.0321375,0.0351863
"DVIT_2077",277228,0.234,1.14,28.4858,1.13321,10.6693,-105.784,103.087,17.0456,0.0207,-0.00408,0.0222825
"DVIT_2080",260417,0.245875,1.16463,29.0865,-5.23699,-10.308,-207.625,-77.2317,25.8477,0.0251213,0.0153621,-0.043265
"DVIT_2081",254978,0.2365,1.12887,-15.6799,4.97673,0.30897,-98.2626,61.1553,-20.3521,0.0658,0.00794125,0.0112175
"DVIT_2084",18106,0.3035,1.10137,-24.7358,-15.6404,8.46494,-136.291,161.968,-115.531,0.097355,-0.0069375,-0.0009625
"DVIT_2087",18123,0.122625,1.10438,25.4295,-16.6802,-8.81059,180.49,-88.4716,-32.7014,-0.115096,0.0162762,-0.032765
"DVIT_2100",562054,0.26825,1.12,2.12709,26.6245,16.4027,-172.409,169.849,13.5134,0.159125,-0.0119225,0.0507175
"DVIT_2103",18240,0.188375,1.07862,0.27058,-12.2532,-18.0116,109.916,-85.2805,26.0877,-0.091125,0.039425,-0.0313625
"DVIT_2112",18307,0.18375,1.13387,-5.9054,-7.18454,8.28666,74.542,50.5305,-52.3012,8.63e-05,0.0433225,-0.0131813
"DVIT_2113",18314,0.202375,1.1775,24.611,-5.902,13.5296,-36.388,-37.634,40.3242,-0.0265,-0.0464375,0.0120912
"DVIT_2117",18336,0.242,1.09613,25.6542,2.91478,-4.85491,-173.133,-59.3002,31.1578,0.04142,-0.0006525,-0.034925
"DVIT_2121",18358,0.165,1.07812,10.7343,17.1056,14.6584,207.975,128.862,15.0697,-0.105309,0.12105,0.0422375
"DVIT_2145",18499,0.248375,1.10025,6.02298,0.223316,-1.94658,-131.473,-43.2433,-38.1241,0.040375,0.00558,-0.0336975
"DVIT_2160",18593,0.133625,1.08688,19.153,-7.52824,8.29176,24.7848,0.459107,-32.3886,0.0046175,0.0347625,-0.02125
"DVIT_2161",18600,0.145625,1.08462,-4.92051,10.5968,-0.842207,165.659,35.6335,-0.607584,-0.0515125,0.005075,0.0133113
"DVIT_2162",18605,0.21225,1.10675,-32.5833,16.0336,-13.8836,-90.997,-33.8774,43.3285,0.0676375,-0.0007025,-0.0152375
"DVIT_2163",18612,0.241,1.0935,26.0717,-20.7114,-16.2029,-82.1037,-79.902,3.21815,-0.0200212,0.02538,-0.0371
"DVIT_2171",18656,0.137875,1.095,-31.5741,-19.0662,-1.51902,163.308,-0.371675,-51.7675,-0.0417262,-0.0715,-0.0134625
"DVIT_2173",208430,0.183375,1.05288,18.2608,-21.9235,3.46044,24.6746,-30.5093,-0.942981,0.0183537,0.00444875,-0.0149044
"DVIT_2177",18691,0.24875,1.10675,7.25824,-19.0589,-4.95893,-56.7206,-11.5805,60.516,0.0213125,-0.002825,-0.00934225
"DVIT_2256",19218,0.204375,1.12075,3.02502,13.2528,0.921092,-37.3991,-1.61489,19.8675,0.007725,0.036665,0.0442412
"DVIT_2257",19225,0.154875,1.09725,11.0956,-21.7389,-8.87053,35.8042,-112.663,-2.50789,-0.0447,-0.0188138,-0.0466237
"DVIT_2305",564047,0.170625,1.09125,25.1335,0.667666,2.24516,49.1375,7.31188,35.9413,-0.119375,0.076165,-0.0204025
"DVIT_2313",19567,0.28025,1.143,16.5112,-13.8943,-3.49976,-108.349,-45.3393,-3.9009,0.015225,-0.001405,-0.048225
"DVIT_2317",564052,0.17475,1.099,-0.194617,11.1202,10.1133,89.2311,-54.231,30.3316,-0.0570308,-0.0691375,0.02284
"DVIT_2318",19592,0.214875,1.0855,7.04108,7.28043,9.72397,105.783,46.7234,-12.633,-0.0133162,-0.0167088,-0.0127287
"DVIT_2321",19617,0.232,1.081,4.2609,14.9858,-6.95701,27.8994,-41.0095,35.4334,0.0158875,-0.0322125,-0.000175
"DVIT_2322",564054,0.21525,1.09775,-18.3826,-9.6111,-7.12957,13.6455,78.5282,-42.6194,-0.066975,0.02359,0.00965
"DVIT_2323",564055,0.32375,1.10862,5.3214,-10.492,1.41391,-160.624,6.09893,14.6647,0.05465,-0.0016525,-0.0050275
"DVIT_2330",19689,0.211375,1.122,10.1388,10.3482,13.4732,38.9119,-24.1664,1.25781,-0.077375,-0.0151425,0.05955
"DVIT_2336",19737,0.1765,1.08588,17.6399,4.90239,16.3694,171.065,49.0435,-8.60599,-0.1455,0.0352375,0.0822
"DVIT_2339",19770,0.16575,1.10475,-6.18404,18.35,20.0577,55.3894,79.4307,52.1938,0.0067125,-0.0407162,0.0298375
"DVIT_2340",277229,0.195,1.13,-31.935,-10.3594,3.28869,99.7936,53.76,-11.1991,-0.053335,0.020725,0.022
"DVIT_2342",19789,0.1935,1.09888,28.7027,-11.2536,4.58613,0.240787,-43.1266,13.1522,-0.07187,0.0283013,-0.0051
"DVIT_2390",20126,0.203,1.107,9.89817,-5.72443,18.88,-74.3525,42.1727,40.5722,0.089895,-0.0355625,0.0454625
"DVIT_2431",552631,0.173625,1.13125,-11.8596,-1.60282,-25.576,62.2243,-106.604,0.20441,-0.0948875,-0.0326525,-0.0509
"DVIT_2452",564080,0.29725,1.1355,-21.808,-2.13108,-10.6246,-114.304,-110.488,-48.7081,0.097255,-0.03531,0.00165125
"DVIT_2476",558817,0.18025,1.1265,-4.22005,-11.525,-13.2123,-153.463,-34.1151,44.668,0.04475,0.023875,-0.062025
"DVIT_2480",564133,0.106917,1.157,-24.9708,-7.4487,-30.6275,45.4257,-66.6494,36.8082,-0.0191273,0.0260455,-0.0651909
"DVIT_2497",564136,0.168375,1.08637,-29.4812,-9.75286,-15.7281,67.263,-96.6406,-14.1623,0.000875,-0.0756538,-0.0661
"DVIT_2498",564137,0.170375,1.16275,3.78529,-14.1589,7.44233,-9.07167,29.578,26.4326,-0.0745237,-0.0305125,0.0475663
"DVIT_2499",564138,0.17475,1.12113,-40.3607,1.64645,14.8629,50.0303,131.248,-16.5972,0.0245338,0.0023565,0.0487438
"DVIT_2501",564140,0.322125,1.06163,-48.0366,5.48234,13.9529,-225.231,170.586,-166.906,0.182,0.0377125,0.0140625
"DVIT_2502",564141,0.22775,1.07187,-18.5988,-0.120012,8.88734,-63.9999,138.485,-27.9295,0.0965375,-0.00999375,0.029275
"DVIT_2503",564142,0.29375,1.08637,5.89195,19.0914,-3.97967,-160.853,11.9819,-23.7409,0.1217,0.0245357,0.0358487
"DVIT_2505",564144,0.288375,1.137,19.7959,26.0877,-5.36587,-179.856,31.0928,19.4349,0.11005,0.010265,-0.0037125
"DVIT_2506",564145,0.241875,1.09238,-20.7216,18.4178,27.4918,-94.2112,177.599,-18.916,0.0843375,-0.0203175,0.0554
"DVIT_2507",564146,0.287125,1.16337,-3.17103,-21.8859,-15.5174,-171.705,-192.34,-10.2529,0.0716675,0.011425,-0.0140963
"DVIT_2509",564148,0.309,1.19225,39.7761,-1.45982,-11.9428,-234.301,-121.46,-0.699619,0.13475,-0.000471125,-0.0182625
"DVIT_2510",564149,0.146875,1.09288,-30.107,-15.4672,-18.6387,183.011,-53.9883,-2.13445,-0.0938714,-0.0543857,-0.0355529
"DVIT_2511",564150,0.1725,1.0735,-36.0999,2.13907,-3.43445,-68.3889,52.3881,3.57756,0.103616,-0.0112625,-0.0318725
"DVIT_2514",564153,0.237,1.14038,-3.34156,-21.5852,15.6274,-85.9106,81.5064,-100.018,0.097225,-0.0062575,0.0188537
"DVIT_2530",564157,0.171625,1.11613,-16.0996,-10.2616,0.923719,20.4493,-43.6735,30.5849,-0.00235,-0.0690625,-0.0103412
"DVIT_2531",564158,0.170125,1.11512,-13.4211,12.6489,7.50544,143.673,72.6915,16.8816,-0.0491625,-0.0588259,0.02956
"DVIT_2532",564159,0.364625,1.06475,-22.9904,-48.5856,-9.65994,-260.022,-193.256,-71.1388,0.106825,0.0221987,-0.021765
"DVIT_2533",564160,0.189375,1.08937,-15.8568,13.9775,-0.320199,-5.51699,32.0794,43.7371,0.0490737,-0.0125212,-0.039105
"DVIT_2536",564163,0.273125,1.06113,-24.1928,-22.1847,-4.82382,-90.9758,19.5268,-13.8169,0.0272567,-0.0281283,-0.000928333
"DVIT_2603",564481,0.25125,1.13788,8.36729,-3.32602,-1.79112,-84.3975,25.4717,19.1679,0.098575,-0.0124212,0.0258
"DVIT_2604",564482,0.15525,1.08825,-22.5401,-5.68675,12.4117,67.446,146.19,-27.1353,-0.03515,0.010725,0.0441
"DVIT_2605",564483,0.145,1.08983,-30.3372,12.8864,-3.67044,30.6641,35.0827,39.3555,0.0182714,-0.0470014,-0.0373171
"DVIT_2625",552633,0.189,1.0725,-36.7158,11.0772,6.68098,-55.5217,68.4661,-48.9647,0.0157113,-0.0288775,0.0525625
"DVIT_2631",564621,0.177,1.05463,-1.2307,-15.9184,17.2331,-34.6115,8.14058,-40.106,0.03455,0.0123925,0.026885
"DVIT_2635",564625,0.169125,1.0735,-5.26804,-3.52287,-3.26904,159.524,-13.3709,-17.8074,-0.0472112,0.0721,0.0138687
"DVIT_2636",564626,0.195125,1.14288,20.7405,8.42296,-20.8977,-69.8607,-128.373,8.16448,0.054775,-0.00765,-0.0545625
"DVIT_2637",564627,0.183375,1.077,3.79189,-16.0688,-7.89246,33.294,-14.2635,47.1804,-0.0205775,-0.0001725,-0.0175825
"DVIT_2638",564628,0.291875,1.08763,0.482705,6.02917,-6.80758,-111.387,-24.8605,-1.23998,0.0970875,-0.00619625,-0.00598663
"DVIT_2639",564629,0.266,1.15888,32.44,0.264756,3.76591,-129.535,-57.9459,16.3991,0.00750463,-0.00373875,0.0327575
"DVIT_2640",564630,0.2765,1.12875,-9.96015,-7.15167,27.2341,-196.907,204.864,-33.7786,0.12605,-0.00636,0.0465125
"DVIT_2641",564631,0.08725,1.048,-20.6492,7.60253,-3.58563,328.224,-49.8591,-26.3168,-0.143125,-0.0687698,-0.02091
"DVIT_2643",564633,0.225375,1.08825,1.08856,4.75279,1.72779,3.24319,-70.1083,-124.496,0.0313675,-0.0265191,0.0150375
"DVIT_2645",564635,0.203375,1.14387,3.10247,4.88224,7.88036,17.4931,108.824,9.70236,-0.0285125,0.0165688,0.0163625
"DVIT_2646",564636,0.222875,1.14025,24.7126,13.8013,-11.4017,-193.926,-140.695,-22.8292,0.0699,0.0170163,-0.0426175
"DVIT_2649",564639,0.143,1.12125,35.784,-7.18971,-20.692,117.614,-90.9862,36.522,-0.17975,0.0317875,-0.0201575
"DVIT_2652",564642,0.08575,1.10913,0.0195545,9.60208,-2.55608,327.574,-41.075,-11.2784,-0.1301,-0.0717429,-0.0213621
"DVIT_2653",564643,0.154875,1.07587,15.152,12.7796,-11.5201,71.0597,-51.4925,51.6778,-0.00833,-0.044675,-0.0122875
"DVIT_2656",564645,0.292125,1.12963,9.51939,-6.38558,3.48521,-107.166,-4.00266,17.947,0.0355746,-0.0193875,-0.0028625
"DVIT_2657",564646,0.291375,1.09125,5.38713,8.82235,6.42126,-102.476,106.353,12.3729,0.0798138,-0.00636625,-0.00358713
"DVIT_2660",564649,0.338875,1.078,-12.6023,-2.60665,-0.670574,-218.999,7.10016,-1.4952,0.121475,0.0118213,-0.0010825
"DVIT_2662",564650,0.090125,1.0925,7.59681,1.74012,-0.248995,288.658,-93.8879,11.235,-0.138313,-0.0713125,-0.02923
"DVIT_2666",564674,0.105625,1.06038,-9.75311,12.25,24.842,305.614,131.628,-63.4191,-0.118237,0.0473123,0.0447125
"DVIT_2667",564675,0.128,1.07587,-17.7358,10.8591,16.9607,172.072,88.2544,32.1654,-0.037915,-0.0460737,-0.00302125
"DVIT_2669",564676,0.173,1.10712,-13.8827,25.3345,0.315355,-59.5991,39.4188,28.5622,0.0135475,0.0717125,-0.0155125
"DVIT_2671",564677,0.161,1.08875,7.02862,-4.45385,-18.5376,162.938,-175.358,-6.60113,-0.136288,-0.0108275,-0.0590113
"DVIT_2672",564678,0.298,1.14113,2.00045,16.4392,-0.572784,-192.708,-13.7114,44.8727,0.121185,0.00346875,0.00865625
"DVIT_2675",564679,0.1955,1.04688,-25.3866,8.99874,25.1697,6.20168,140.951,12.0032,0.0430625,0.0210637,0.021925
"DVIT_2676",564680,0.25975,1.089,-16.8369,7.28131,12.2361,-141.853,110.285,-9.39723,0.112925,0.0218762,0.0003575
"DVIT_2683",564683,0.183,1.16075,17.3156,-16.8005,14.1488,48.8151,37.5977,-27.3385,-0.0315,-0.04257,-0.0112125
"DVIT_2684",564684,0.090125,1.12088,-13.8873,6.98573,7.4561,304.789,49.7408,-62.4662,-0.0987286,0.0117329,-0.0181729
"DVIT_2689",564685,0.166625,1.06137,-33.4443,11.7907,31.364,47.9487,185.561,-14.7558,-0.0171,0.0436975,0.0373625
"DVIT_2690",564686,0.119375,1.05375,-7.35533,7.06784,12.9923,243.371,-18.156,-63.2182,-0.10396,-0.0795125,-0.0144613
"DVIT_2691",564687,0.186625,1.04525,4.52739,10.1526,7.47056,-97.7521,-10.7743,32.9503,0.0610337,-0.00803,0.00861375
"DVIT_2692",564688,0.25025,1.07812,-4.7193,-17.114,-1.65626,-99.2295,-6.13489,29.5673,0.0889425,-0.00714163,-0.011275
"DVIT_2696",564692,0.252,1.14038,3.65319,24.6294,-2.40393,-100.203,5.97507,27.6042,0.111325,-0.0241787,0.0161038
"DVIT_2700",564717,0.193625,1.13738,-1.14918,4.17434,-0.975271,152.092,-48.4361,39.5925,-0.15565,-0.088575,0.0186525
"DVIT_2701",564722,0.245375,1.07212,-8.42443,22.7309,-0.539536,-140.918,39.4529,50.3115,0.128625,0.00880125,0.0039975
"DVIT_2705",564721,0.242375,1.04925,-23.6023,15.3273,30.6129,-106.298,273.501,-27.0505,0.133963,0.0145,0.076975
"DVIT_2730",564749,0.318125,1.11275,-29.6489,-0.828469,-9.46492,-199.336,-41.0042,-92.7311,0.183162,0.0102375,0.045525
"DVIT_2731",565443,0.14625,1.13375,13.4301,-8.06259,-16.9283,274.069,-67.3721,-15.4466,-0.122719,-0.0413875,-0.044645
"DVIT_2746",613088,0.229875,1.1145,0.705592,-5.03,1.3573,-56.9191,-15.384,-14.7548,0.0131125,0.012155,0.0106525
"DVIT_2749",619740,0.196,1.09775,14.1603,6.78253,-7.90502,-100.942,-5.3768,13.0739,0.0393312,0.0143563,-0.0254114
"DVIT_2752",619742,0.256875,1.13,-3.095,-6.88103,-32.8395,-57.2205,-259.378,7.00701,-0.0370238,-0.0500488,-0.04095
"DVIT_2899",594735,0.1395,1.2,10.1698,-22.2409,-19.9661,231.076,-304.75,-42.9883,0.01758,0.0404545,-0.11825
"DVIT_2900",595611,0.26975,1.09425,-52.1124,-2.76652,-4.90813,-103.478,74.2693,20.6323,0.045345,-0.0223775,-0.01966
"DVIT_2902",594743,0.291,1.05725,-47.3398,14.9817,-7.07514,-61.7153,104.126,1.42596,0.13505,0.0279133,0.002015
"DVIT_2907",615937,0.173625,1.11775,34.0884,-10.8495,-4.03393,20.2424,-87.1377,10.6489,0.0118875,-0.0245825,-0.0392
"DVIT_2909",615939,0.305,1.07975,-0.21556,-14.5357,-5.10748,-63.2095,-37.4754,-29.6358,-0.0325125,0.0326584,-0.0180214
"DVIT_2914",616316,0.149625,1.08213,5.44434,-17.9555,8.69469,34.088,22.037,5.13718,-0.0550237,0.024325,0.0070775
"DVIT_2918",616325,0.186375,1.09975,-13.3587,-10.2139,-2.02494,29.1892,26.5618,-14.2155,-0.0247625,-0.01879,-0.0028625
"DVIT_2928",616357,0.243625,1.08613,26.5475,10.6117,11.5268,-120.746,70.7304,4.91179,0.0910587,0.0160663,0.0277375
"DVIT_3002",616278,0.192,1.067,-0.213981,5.92582,17.082,130.945,108.958,1.18305,-0.0742587,0.0246625,0.0340875
"DVIT_3005",616301,0.1405,1.07488,7.80279,-21.7707,4.05075,153.164,-63.7817,-74.4958,-0.132929,-0.0187325,-0.0107375
"DVIT_309",190083,0.16625,1.08137,-24.959,-16.4265,-11.7713,15.9834,-24.4641,6.18384,0.0407837,-0.0429,-0.0434537
"DVIT_3096",645048,0.151625,1.14663,11.4471,-7.56457,-19.6372,166.212,-74.0939,38.1642,-0.1343,0.0237875,-0.0575
"DVIT_3104",645071,0.194,1.08,-26.6909,17.5008,7.705,60.0271,49.6544,18.2882,0.0097,-0.0332225,0.03115
"DVIT_3105",645084,0.267125,1.12425,19.7436,-11.7365,9.03564,-165.509,-32.4226,7.83989,0.085675,0.0280565,-0.00171375
"DVIT_3107",645138,0.183625,1.08325,18.6473,8.25785,-1.41676,114.488,-117.95,-2.34411,-0.172,0.02835,0.0024525
"DVIT_3111",645777,0.23075,1.099,-1.81486,-7.96763,-21.1642,-54.4964,-86.3767,25.2646,-0.0258088,-0.001685,-0.023125
"DVIT_313",190082,0.2075,1.11187,-38.4474,-6.80042,5.17927,17.9698,78.1187,45.2681,0.0119387,-0.0173257,0.00697625
"DVIT_314",190084,0.1425,1.05838,11.9414,-7.91482,-7.20748,152.07,-86.3943,5.95426,-0.118438,0.0251375,0.00317812
"DVIT_315",190078,0.214875,1.07963,-31.967,-14.4118,5.32149,21.7696,20.2382,10.5173,0.0045535,-0.00765,0.0201554
"DVIT_3155",688459,0.1825,1.10213,11.0513,9.85945,-35.4825,-185.427,-151.234,-10.8575,0.0655312,0.0386749,-0.062525
"DVIT_3156",688460,0.191,1.0885,5.13613,1.0135,-0.0178827,67.9827,-105.271,26.6532,-0.15425,-0.04165,0.069925
"DVIT_3173",688490,0.198,1.061,-16.4712,-1.93765,-3.80828,-24.1996,55.5682,-3.98194,0.0093425,0.0254338,-0.0134238
"DVIT_3183",688509,0.1755,1.10275,41.4949,3.63926,1.48419,-35.5575,-115.753,-22.4069,-0.0693362,0.069325,-0.052175
"DVIT_3185",254208,0.1595,1.099,4.29189,-3.37968,-3.56888,176.088,-12.6114,-52.2169,-0.087925,-6e-04,-0.02139
"DVIT_319",190073,0.24925,1.06937,20.248,-19.3717,2.33022,-116.173,20.7897,-30.9532,0.032275,0.03654,-0.0193825
"DVIT_321",190092,0.10475,1.07688,0.0690236,-4.58927,-26.8324,261.701,-161.485,9.18797,-0.0891714,-0.0945714,-0.111343
"DVIT_322",5305,0.187375,1.09563,-3.27381,22.384,-5.37385,4.45526,2.48456,37.4276,-0.0106375,0.014037,0.0272312
"DVIT_325",190081,0.138,1.12875,-39.9607,-2.02585,22.946,227.853,278.306,-52.9684,-0.0706288,0.0119075,0.0418663
"DVIT_326",190091,NA,NA,NA,NA,NA,NA,NA,NA,-0.111225,-0.0857625,-0.017125
"DVIT_330",190093,0.10475,1.09413,-0.215396,5.19309,-5.64246,297.862,-28.5385,10.8911,-0.09166,-0.05128,-0.035126
"DVIT_333",147565,0.323625,1.12038,6.90649,14.9901,1.99516,-194.625,108.921,-14.8615,0.1437,0.00932125,0.0219606
"DVIT_334",190095,0.1625,1.11875,-25.0547,26.5195,6.29467,114.999,145.615,40.7447,0.0254114,0.0227714,-0.0120971
"DVIT_336",147553,0.261583,1.1235,-33.3909,-24.0166,-3.6036,-156.55,32.3308,-99.3872,0.155857,0.02498,-0.00575571
"DVIT_337",5412,0.21835,1.10938,19.6592,-19.39,-2.12384,-17.4502,-115.094,-9.1003,-0.0285176,0.0287575,-0.0425362
"DVIT_340",152010,0.257,1.06337,-13.3651,11.8179,20.3302,-181.69,136.733,-17.7337,0.155988,0.00836875,0.0159
"DVIT_342",5438,0.25575,1.086,-29.5252,28.4137,14.6399,-98.0394,182.5,-30.3456,0.150363,0.00353287,0.038525
"DVIT_346",5470,0.20775,1.0765,-17.862,10.4224,0.175354,92.601,123.157,5.69492,-0.0257125,0.02345,0.0282375
"DVIT_349",5491,0.288125,1.12162,26.2276,4.55036,6.89481,-167.763,36.488,35.6332,0.0401438,0.0414088,-0.0108688
"DVIT_350",151699,0.18975,1.07187,-23.9189,7.78651,-5.94645,-11.9201,20.1517,-18.1632,0.0643571,0.00813429,-0.00302857
"DVIT_351",5505,0.1915,1.09625,-26.6236,22.0266,7.05552,103.976,157.839,28.9168,-0.006425,-0.00564625,0.065725
"DVIT_352",5512,0.2255,1.06438,-2.77106,12.2971,0.524137,-137.569,-19.5551,-166.948,0.101187,0.00273125,0.0061675
"DVIT_356",5550,0.290375,1.19175,-5.43355,2.25117,-14.2989,-136.478,-60.1667,34.9617,0.0448375,-0.0243075,-0.017914
"DVIT_359",5574,0.20625,1.2195,-12.9571,13.1882,2.90797,67.7345,46.9281,63.1387,-0.10735,-0.013795,0.078075
"DVIT_360",5581,0.133,1.10425,19.4067,0.572766,-13.3864,244.496,-77.478,52.9292,-0.14235,-0.0131513,-0.00848875
"DVIT_361",5589,0.169,1.11488,19.0746,-22.6018,-9.36389,124.778,-101.466,-8.41428,-0.152625,0.0297863,-0.043825
"DVIT_363",5611,0.221375,1.05925,-7.5875,-5.95022,-1.49058,-36.1674,52.8989,0.908839,0.0767212,0.0287425,-0.0260875
"DVIT_375",5716,0.201,1.061,-7.6787,20.0237,14.2319,-6.75265,196.788,-0.407512,0.034425,0.03665,0.025415
"DVIT_380",5761,0.218125,1.09238,15.146,-7.32371,-20.8404,-12.7039,-162.284,6.81134,-0.0428475,-0.0161337,-0.0164163
"DVIT_381",5770,0.1045,1.09675,29.3632,-6.72431,4.58021,299.971,-44.9831,-20.3247,-0.157667,-0.00833333,-0.0287833
"DVIT_382",151692,0.143375,1.06875,-3.0169,10.1774,12.9556,238.523,170.68,-31.3598,-0.0625833,0.011645,0.0466667
"DVIT_385",5812,0.240875,1.07037,-8.57833,15.7142,-5.79837,10.3821,-34.6057,42.5198,0.016875,-0.0145475,0.0371796
"DVIT_388",563981,0.154,1.0595,-4.88151,-4.15865,16.3616,122.303,116.773,13.2142,-0.0148429,0.00143614,0.00165714
"DVIT_397",5933,0.368925,1.16325,0.269235,-14.4885,-5.59561,-250.092,-11.5319,-35.0022,0.0831662,0.02851,-0.038075
"DVIT_401",5977,0.16475,1.06263,-13.5287,9.24838,-5.62191,9.20126,8.28961,44.6773,0.021685,-0.015335,-0.01983
"DVIT_403",147523,0.2485,1.1525,2.81913,16.3848,2.02777,-223.7,45.3337,44.0851,0.22125,0.00794375,0.057875
"DVIT_410",6067,0.243875,1.1485,14.3299,7.70577,1.33953,-160.444,-13.6758,-53.1237,0.0958375,-0.027625,-0.00337375
"DVIT_413",6098,0.270042,1.078,-0.4522,31.5789,10.1365,-176.496,132.777,15.9295,0.122571,0.015684,0.00391529
"DVIT_423",138303,0.10025,1.08075,12.0938,40.2391,8.28378,283.622,61.5488,-44.6696,-0.108829,0.130914,-0.0119629
"DVIT_425",6225,0.22825,1.15875,12.7419,22.8482,25.4868,50.3794,167.205,-9.69589,-0.0328375,0.0910288,0.0200375
"DVIT_426",6231,0.207375,1.13825,13.3479,-7.22904,0.228287,-2.93995,-56.2047,39.6697,0.025125,-0.0591,-0.0100538
"DVIT_427",164442,0.3255,1.12637,-35.6886,31.8791,2.1522,-180.426,173.81,-32.9864,0.168714,0.0121771,0.01568
"DVIT_430",147557,0.23075,1.11725,-25.2782,17.1201,5.2505,-42.0144,230.104,-101.263,0.12471,0.04658,0.0085055
"DVIT_432",147570,0.22825,1.07612,8.12027,26.9871,12.4674,-54.9213,160.121,4.00994,0.0763875,0.0113063,0.0601375
"DVIT_438",147537,0.1525,1.099,4.92543,5.29329,-6.41448,-29.4727,-12.1836,-17.428,0.00675,0.0346,-0.02295
"DVIT_442",147519,0.181625,1.13413,-27.0933,6.49271,-10.2269,82.2811,-44.0996,0.120584,8.57e-05,-0.0611133,-0.0470143
"DVIT_443",152808,0.20025,1.16712,18.4457,-17.788,-16.1369,-28.6619,-103.429,-0.555703,-0.110937,-0.0170338,-0.0770575
"DVIT_444",143165,0.143625,1.0875,26.9775,2.66748,-22.7424,66.1978,-84.6443,21.8187,-0.1568,0.014675,-0.019875
"DVIT_445",127744,0.12975,1.14575,9.07827,21.4083,-10.9387,302.327,4.93227,57.3347,-0.134725,-0.0733,-0.04435
"DVIT_447",151704,0.196375,1.08075,0.428223,12.7287,22.4113,42.9869,147.196,15.0282,-0.007075,0.0458187,0.0116175
"DVIT_449",6406,0.282,1.06525,26.5325,28.6909,10.5803,-105.612,159.551,40.547,0.074975,0.006,0.0194775
"DVIT_452",6446,0.121125,1.11563,-7.71294,-5.32898,-7.31486,272.785,-84.87,7.34861,-0.180275,-0.0547625,-0.0395761
"DVIT_461",6514,0.15425,1.07288,-11.0142,-2.00572,24.1064,111.269,186.838,-11.989,-0.0219675,0.0291,0.0343837
"DVIT_465",563984,0.17725,1.10237,15.469,7.78146,5.12699,-41.994,36.1364,36.1696,0.0327586,-0.0128313,-0.0061
"DVIT_471",6587,0.166083,1.09142,-31.7322,16.7909,16.1993,251.679,229.119,-19.1805,-0.0802,0.00074,0.05704
"DVIT_472",6592,0.209125,1.09987,-2.25165,3.02353,26.3987,-53.2034,203.744,13.06,0.0356387,0.0636125,0.0222
"DVIT_473",6600,0.25825,1.105,3.13583,-20.7312,-5.80033,-105.398,-47.3953,-4.81481,-0.00255,-0.0127862,-0.0225412
"DVIT_474",161217,0.135875,1.089,27.9102,-19.9886,-15.0172,242.954,-143.669,-26.0539,-0.1865,0.028645,-0.024175
"DVIT_475",128287,0.152125,1.079,9.7011,13.5806,14.0415,182.315,110.401,-14.8309,-0.091825,0.0812275,0.0530037
"DVIT_477",6622,0.22625,1.15275,15.3507,4.28512,-25.044,-32.2382,-99.536,58.5571,-0.12385,-0.031175,-0.074825
"DVIT_478",6628,0.190375,1.07488,-1.29982,-0.358237,-3.82484,-30.8168,-18.7489,17.0466,0.0240625,0.00013375,-0.0093
"DVIT_481",6647,0.2365,1.11538,21.4548,13.0639,-5.60099,-47.7759,-67.3868,66.7717,0.0492875,-0.0088875,-0.0270162
"DVIT_483",150556,0.149875,1.10588,16.5516,22.211,8.15137,25.3306,80.6767,63.094,0.0164763,-0.0093885,0.0121025
"DVIT_484",563986,0.18825,1.10563,10.8954,-13.7155,-24.6635,-74.5285,-118.433,9.57303,-0.0285513,-0.00774625,-0.0768375
"DVIT_486",654745,0.113625,1.14213,10.167,-5.09945,-5.85831,280.745,-67.1624,-5.09585,-0.120537,-0.068,-0.047555
"DVIT_489",6689,0.221875,1.11462,32.1447,-15.8761,-9.79589,-114.042,-97.8552,30.344,-0.0273125,0.01482,-0.040125
"DVIT_490",536729,0.2235,1.057,3.01273,7.92607,5.11917,-12.8683,120.499,32.9206,0.0358713,-0.0109454,0.0334437
"DVIT_491",151700,0.113375,1.0895,9.10738,1.10993,-4.62524,282.182,-126.101,8.86745,-0.118812,-0.109912,-0.0789113
"DVIT_494",6713,0.176125,1.09975,-13.4075,20.4417,6.77571,135.071,31.3128,23.145,-0.0593,0.0723,0.0149912
"DVIT_497",6727,0.221375,1.1285,-8.0395,7.12028,-18.289,-65.9957,-76.5021,18.8018,0.0171362,-0.00208625,-0.0387925
"DVIT_499",6740,0.216375,1.12187,18.2574,19.3721,-8.07659,-92.0605,-14.9052,12.571,0.0549,-0.00839,0.0160325
"DVIT_509",147527,0.2435,1.10787,-2.3972,-4.82799,-11.5757,-185.123,34.3545,34.9864,0.0931725,0.0160362,-0.0236125
"DVIT_513",138304,0.152875,1.073,-30.8939,2.11882,-4.19804,141.482,30.6725,2.70765,-0.0229787,-0.0778625,-0.0349375
"DVIT_514",6828,0.206125,1.08125,-4.89618,-11.0996,-4.15502,-43.6947,-88.5446,-2.31771,0.0326488,-0.015225,-0.00809275
"DVIT_517",6845,0.17575,1.08925,-7.84273,24.2476,15.2408,-8.53762,138.778,32.7596,0.0330737,0.005745,0.025475
"DVIT_523",6886,0.203875,1.15263,-8.02893,-8.16011,0.808589,-32.6623,20.4613,56.6314,0.0203588,-0.038605,0.016585
"DVIT_525",150561,0.209625,1.126,12.2868,-5.10169,-1.27815,-9.41804,-127.146,37.2874,-0.10965,-0.0301388,-0.0069175
"DVIT_531",147511,0.22725,1.08875,-31.5165,5.17592,-23.1197,-28.0191,-66.1417,35.452,0.0358825,-0.0182738,-0.0314005
"DVIT_532",128289,0.142,1.0785,6.63324,17.6335,5.27107,68.8333,122.781,13.9952,-0.085675,0.0604,0.029225
"DVIT_536",6973,0.206125,1.16063,15.665,-7.40223,-13.2176,-53.1303,-114.103,31.3248,0.0333167,-0.019115,-0.0343717
"DVIT_538",6987,0.301125,1.073,-63.9943,7.61583,-0.816345,-129.817,122.743,-129.603,0.156675,0.0232675,0.032975
"DVIT_541",131964,0.139,1.0675,20.2962,-8.07883,-8.55523,284.979,-15.8107,-6.16071,-0.159375,0.00178,-0.00444
"DVIT_545",7037,0.165125,1.071,-6.0295,-8.99243,-0.967983,-44.7881,7.56827,27.5171,0.0620557,-0.0269795,0.0007375
"DVIT_546",151701,0.2275,1.0605,4.75788,20.4839,20.0021,-178.395,155.974,-38.6144,0.087425,0.0038675,0.049875
"DVIT_548",128290,0.182,1.058,-14.7697,-18.8166,19.8191,18.1859,74.7272,-6.71526,-0.0471087,-0.00346163,0.0427125
"DVIT_549",7066,0.21475,1.06787,-32.028,19.3811,9.99834,-47.0491,97.3198,-79.3409,0.0378,0.014625,0.0398837
"DVIT_554",147897,0.253625,1.10488,-4.44697,6.83954,-11.7341,-103.774,-12.2346,28.3882,0.0718625,-0.00233175,0.0265388
"DVIT_555",147893,0.1935,1.07775,-27.0708,28.7241,9.72915,52.5739,244.946,62.4169,-0.0092,0.013925,0.0429725
"DVIT_557",147783,0.17475,1.10625,-13.4639,11.7069,-6.31517,94.1516,62.4332,36.9657,-0.0692,-0.021845,-0.0244063
"DVIT_558",147787,0.19725,1.0945,-29.5501,-10.6262,-4.00458,95.5615,3.17756,13.0126,-0.0311438,0.0407625,-0.033925
"DVIT_562",147654,0.15475,1.1575,-8.36346,4.37359,-21.8645,56.8208,-80.3115,22.3362,-0.102554,-0.0187987,-0.05735
"DVIT_563",7181,0.264,1.118,-19.1535,16.4054,-26.7089,-170.022,-55.2417,-28.1121,0.0629,0.0249,-0.02825
"DVIT_565",183792,0.202875,1.14437,-5.49182,12.9126,-5.61805,3.52615,-57.245,26.1952,-0.00695125,-0.058425,0.00964125
"DVIT_566",147688,0.22975,1.06462,-19.57,-8.7729,17.8962,89.4533,198.89,-9.66253,-0.0519525,0.04568,0.0724375
"DVIT_567",147951,0.266375,1.16663,18.6982,-18.9613,-11.6728,-213.6,-116.409,-1.9343,0.0436625,0.011035,-0.0689125
"DVIT_568",7223,0.233875,1.13325,27.5645,-5.21426,-12.968,-15.4333,-74.893,35.952,-0.0617,0.00692875,0.0154587
"DVIT_569",7231,0.2645,1.11675,-31.9628,-25.9387,-13.2821,-128.71,-121.351,-27.9937,0.16525,-0.012335,-0.00934525
"DVIT_570",147730,0.205375,1.06338,-0.0036342,-7.11315,-32.1403,29.4858,-115.935,6.36438,-0.09519,0.054675,-0.0324513
"DVIT_571",151689,0.1805,1.06212,-1.39533,-1.74193,-1.15157,170.728,-56.2989,25.7777,-0.13365,-0.0210588,0.0288388
"DVIT_572",147731,0.23525,1.09325,-4.83169,18.5428,-19.0895,-130.19,-34.6175,-4.27072,0.0932712,0.0154712,0.00192
"DVIT_573",161492,0.281125,1.11112,14.9398,15.7919,9.86239,-217.14,91.172,-33.6131,0.15865,0.03685,0.0021025
"DVIT_576",147582,0.27975,1.16787,18.2754,6.38212,-19.8385,-174.164,-85.9339,38.3613,0.05615,-0.00490625,-0.0231187
"DVIT_581",147778,0.3195,1.07463,-9.13526,-24.8969,-12.8879,-204.338,-42.8464,5.22613,0.11405,-0.00509875,0.00504625
"DVIT_584",147799,0.209,1.07125,-2.31371,-16.532,5.06556,15.828,72.5136,-13.5109,0.0349375,0.0267613,-0.0183142
"DVIT_588",150555,0.16925,1.08113,-6.0673,8.19681,19.4874,17.8421,190.174,10.9075,0.028465,0.0195175,0.0130338
"DVIT_596",184006,0.152,1.08913,2.89707,13.4724,10.1795,106.61,15.686,21.5371,-0.0559143,-0.00822571,0.0514429
"DVIT_597",7432,0.1385,1.0975,7.45646,-9.9629,0.68733,292.776,-68.7882,-26.6142,-0.179125,-0.0222375,0.01203
"DVIT_598",151705,0.1675,1.095,-29.4873,1.16042,-1.8509,139.959,54.9607,-34.4539,-0.040075,0.01558,0.0179438
"DVIT_599",147926,0.16525,1.07163,-20.5338,-4.17273,-1.24162,35.0273,-24.8336,-21.3416,-0.05004,0.0399137,-0.00280375
"DVIT_600",147934,0.1295,1.05825,-8.59416,-13.7945,-16.8233,234.953,-193.215,-53.7624,-0.115929,-0.0435714,-0.0749571
"DVIT_601",168797,0.315875,1.09713,-13.0569,0.733453,-10.9004,-197.829,-67.2263,-15.6692,0.102275,0.0125375,0.00860875
"DVIT_603",147711,0.16425,1.06887,5.28965,-0.583568,-16.0095,8.82523,-29.3265,69.2474,-0.0046875,-0.004225,0.0197388
"DVIT_604",563989,0.295875,1.09775,3.65873,5.0401,-5.0291,-196.056,42.7939,-8.22108,0.103175,-0.00702137,0.0045425
"DVIT_606",7494,0.17325,1.07762,-27.7149,4.03644,-8.90716,80.3963,-75.349,11.6279,0.03634,0.0141671,-0.0301986
"DVIT_607",168800,0.20475,1.10725,-13.2196,-15.7004,-3.82382,67.9387,-4.38531,-4.16086,-0.09805,0.0340287,0.0210625
"DVIT_609",563990,0.2015,1.08475,-7.68775,-23.4427,-5.09355,29.4271,-119.158,-37.5096,-0.0558213,-0.01018,-0.0138337
"DVIT_610",563991,0.24975,1.12088,-12.0035,11.3163,-2.27104,-123.235,16.312,5.88069,0.0609212,0.020505,-0.00374125
"DVIT_611",562033,0.222375,1.1155,-12.0522,24.8612,27.1183,4.81093,270.885,-12.4311,0.017925,0.0323937,0.052525
"DVIT_612",197452,0.23775,1.09488,13.5791,-9.20014,-6.02009,37.7205,-10.9217,30.0708,-0.0544938,-0.0079625,-0.00606887
"DVIT_613",197478,0.14375,1.11425,-0.192949,-7.01801,11.7046,216.771,37.0329,6.70664,-0.06585,-0.01081,-0.00472
"DVIT_614",204340,0.17775,1.06812,14.5719,6.54645,14.658,163.492,88.8478,-36.6008,-0.04175,0.0133013,0.0401375
"DVIT_617",197548,0.2175,1.06737,-40.9163,13.7461,15.1434,24.0479,213.701,-20.5064,0.04245,-0.0068,0.0668437
"DVIT_619",129933,0.1995,1.08038,-31.039,13.172,1.16817,3.69215,11.0684,14.477,0.0177625,-0.0779125,0.0368013
"DVIT_622",7605,0.14525,1.0625,-16.9638,-5.82406,7.94086,63.8784,91.1638,13.1792,0.0408171,-0.0356494,0.0295571
"DVIT_623",7606,0.1875,1.08575,4.26927,-6.34211,18.0029,39.7475,67.1315,17.6786,-0.0017875,0.0075875,0.044825
"DVIT_624",7621,0.30225,1.11488,7.62732,4.81822,1.51485,-196.599,4.63063,30.0325,0.147475,0.0248712,-0.000105375
"DVIT_630",150552,0.126,1.08288,11.0354,-2.38476,-3.31122,250.979,-36.9917,5.85919,-0.226,0.0228557,0.0314286
"DVIT_631",7668,0.167,1.12062,24.7952,3.99601,-1.42569,171.625,-17.953,51.1697,-0.173838,0.0112413,0.0428125
"DVIT_632",147669,0.143,1.06525,-24.9343,1.92669,6.65186,74.3779,24.7999,-28.2773,-0.0555238,0.0025875,0.0245625
"DVIT_633",7683,0.213875,1.10825,11.3747,-18.1308,0.0211253,-49.1588,-122.283,15.0447,-0.0905913,0.009685,-0.0189375
"DVIT_634",7693,0.191375,1.07987,-11.6749,-5.33656,6.36203,69.8488,46.1022,-11.2488,-0.02415,-0.00202875,0.0486362
"DVIT_635",147673,0.2165,1.0745,-37.7343,23.0185,-20.46,-36.292,31.5365,-13.8918,0.0986,0.021199,0.017415
"DVIT_636",147677,0.287125,1.07463,-26.8555,-11.5302,-25.6393,-187.105,-129.006,-31.1518,0.126425,0.002665,-0.0042725
"DVIT_637",7708,0.2505,1.15538,32.2669,-7.80652,-4.36769,-183.543,-99.9442,5.26071,0.01301,0.0095,-0.0177551
"DVIT_638",147678,0.23075,1.12875,-2.82251,15.038,-9.83555,-22.4025,-108.196,18.4139,0.0859,-0.0426361,-0.0112143
"DVIT_639",7718,0.110625,1.08225,15.7436,-29.8523,8.30696,230.892,-65.8597,-46.0723,-0.159714,0.0323557,0.00977857
"DVIT_640",147691,0.20275,1.0735,-42.5863,22.3841,-7.67168,-47.3199,-30.7567,4.23777,0.0867625,-0.0288813,0.00914
"DVIT_641",147692,0.168125,1.07713,-20.7552,-30.2709,2.55524,97.823,-68.3638,-49.1052,-0.045225,-0.0286,-0.0301212
"DVIT_642",147974,0.15925,1.08375,-28.3441,-24.8182,-2.32133,134.048,-133.399,9.22291,-0.0952925,-0.0777475,0.00700375
"DVIT_644",147975,0.198,1.15213,13.4951,-7.43001,0.996189,-75.6416,-115.054,46.3155,-0.03226,-0.0111612,-0.0209837
"DVIT_646",147685,0.1995,1.15637,23.8061,3.94555,3.14332,56.43,-30.3567,43.8258,-0.132986,0.01375,0.01615
"DVIT_649",7781,0.132625,1.069,-4.53666,7.34594,10.9545,188.659,119.349,13.1281,-0.0983625,-0.067125,0.0388373
"DVIT_650",7789,0.21,1.0565,2.87598,-3.06412,16.638,-33.7981,56.5252,10.1158,0.1208,-0.0651687,0.0156085
"DVIT_652",7802,0.16425,1.0485,-2.94828,23.9648,15.152,102.743,159.895,10.2089,0.030915,-0.007535,0.021725
"DVIT_653",147849,0.18425,1.144,19.3465,-18.1,3.34969,122.204,-36.7593,-25.9244,-0.1246,-0.0782375,-0.00136625
"DVIT_654",7818,0.15625,1.12038,5.76047,16.3858,9.28181,46.2941,52.9444,57.979,-0.01135,-0.0090625,5.63e-05
"DVIT_655",7825,0.207625,1.0555,5.59058,9.35396,11.0897,-71.6508,101.9,-1.63246,0.0596625,0.0187593,0.0264375
"DVIT_656",7833,0.121375,1.08363,-7.16776,-9.95663,10.3288,91.9195,77.1798,-82.3509,-0.0637167,-0.00617667,-0.016525
"DVIT_657",563994,0.15175,1.04738,23.172,-11.4822,-6.7503,90.5272,-17.1515,-6.31505,-0.08965,0.0224375,0.0159875
"DVIT_659",7857,0.225,1.095,-0.460493,-2.98167,22.2702,9.73573,15.9168,-13.845,-0.0409725,-0.030975,0.0391375
"DVIT_659",7857,0.225,1.095,-0.460493,-2.98167,22.2702,9.73573,15.9168,-13.845,-0.0409725,-0.030975,0.0391375
"DVIT_660",7867,0.185125,1.05063,-29.8262,1.77333,18.6164,105.618,181.089,-24.2945,-0.0332125,0.0440375,0.0551
"DVIT_662",7883,0.31425,1.10725,28.5879,-5.32195,2.12356,-179.242,-55.1368,1.96727,0.05096,0.001267,-0.0042875
"DVIT_663",7889,0.221375,1.10337,9.4986,29.8719,23.8258,-120.57,156.165,24.8404,0.100392,0.0118338,0.0634875
"DVIT_664",7898,0.192,1.06812,3.67931,5.75177,2.42001,-65.0574,1.04138,5.91188,0.0177875,0.043855,-0.0137187
"DVIT_671",7952,0.238875,1.10262,15.7448,-36.158,-4.70024,-77.6495,-60.4281,-30.2531,-0.039305,0.022188,-0.0440837
"DVIT_677",8004,0.137875,1.07238,4.33657,10.6832,-1.72347,185.767,47.9479,-102.024,-0.0938625,-0.0293625,0.0154938
"DVIT_678",8009,0.194,1.09737,20.1079,9.76961,-8.06648,-10.4845,30.9967,40.9646,0.0558825,-0.0051825,-0.01873
"DVIT_682",8041,0.25125,1.07275,-12.9208,6.46481,17.1901,-60.4072,96.4808,-31.564,0.0351362,0.016137,0.004385
"DVIT_683",8051,0.205875,1.07875,-14.6001,1.00803,7.78662,-7.86007,-7.2402,-14.864,0.0416,0.00845,-0.00103875
"DVIT_684",8058,0.26125,1.09575,2.47307,12.2701,-7.1859,-85.151,-21.8656,54.1361,0.0488875,-0.0203212,0.0438175
"DVIT_686",8073,0.200125,1.09987,15.7051,6.1415,3.73913,27.0156,54.8055,58.328,-0.033725,-0.0088075,0.0091975
"DVIT_687",8084,0.28125,1.133,-6.68221,-3.63686,-6.12975,-219.133,-87.4064,-3.53736,0.116725,0.0152512,-0.01695
"DVIT_691",8110,0.22,1.11287,3.20611,-16.9676,-3.189,-42.8082,-63.5386,-137.488,-0.0080125,0.00434875,-0.0302175
"DVIT_692",8117,0.17075,1.096,-1.2087,10.5333,17.4967,94.4116,110.892,24.5308,-0.0337162,0.0233,0.0297188
"DVIT_693",8123,0.17875,1.07088,-5.56719,-19.7673,-0.0921916,91.3392,-8.43425,3.51796,-0.0367338,-0.0070875,-0.0253725
"DVIT_694",8130,0.172875,1.0685,-22.039,25.9972,-14.0201,76.4275,6.96338,65.5989,0.055275,-0.044725,-0.0206275
"DVIT_697",8156,0.169625,1.09163,10.6366,-0.847176,6.42032,-4.18398,5.96091,25.0064,-0.0018225,0.0111478,-0.045525
"DVIT_698",8163,0.315,1.10775,-10.5984,-7.98299,-13.4436,-226.88,-44.7177,-3.09713,0.110535,0.0243538,-0.0293875
"DVIT_704",564000,0.146375,1.07537,22.835,-13.7036,-3.17094,156.083,4.40756,-4.18479,-0.0366663,-0.05555,0.0012775
"DVIT_705",147858,0.230375,1.06225,1.34946,-2.16956,9.34599,-171.013,79.8923,5.35813,0.139929,0.00165375,0.0185275
"DVIT_707",127742,0.23675,1.14912,29.1033,5.18753,-4.55388,-61.8032,-40.8256,55.4161,-0.0233375,-0.0155137,-0.0320513
"DVIT_710",564001,0.19025,1.13225,18.8669,-6.74051,1.33045,53.4859,-47.1679,-113.182,-0.1393,0.0381763,0.00336125
"DVIT_712",8275,0.25125,1.08862,10.5568,-6.37524,-12.2675,-136.899,-24.8908,9.94486,0.112063,0.0369375,-0.0286225
"DVIT_713",8286,0.149,1.07912,-15.5575,7.45515,12.3181,187.959,114.754,0.205424,-0.039645,-0.001909,0.00381
"DVIT_714",8294,0.2325,1.11025,12.7069,-2.55027,-8.51265,-197.371,-30.4606,5.56072,0.052575,0.0137575,-0.0122138
"DVIT_715",564002,0.27725,1.07388,2.82101,13.5593,1.92485,-143.739,-50.3869,22.0272,0.0967125,0.0027875,0.02785
"DVIT_716",8312,0.2325,1.11775,-22.4458,3.90581,4.06644,-27.8194,84.8773,36.2334,0.08338,-0.0573663,0.0127638
"DVIT_717",8320,0.110625,1.08413,31.8109,-1.17608,-10.6185,315.653,-162.961,-54.7267,-0.164738,0.04625,-0.0407375
"DVIT_718",8329,0.209625,1.08925,28.3297,4.41601,3.61654,-108.503,-8.31138,11.0862,0.0444375,0.0097505,-0.0196163
"DVIT_719",8336,0.28225,1.112,13.0935,-17.2547,-14.747,-167.07,-105.505,4.89261,0.09025,0.00814875,-0.00699238
"DVIT_720",8344,0.3165,1.10875,33.846,1.38114,-3.13953,-192.225,-41.24,0.613425,0.135675,0.00299,0.0108434
"DVIT_721",127743,0.156875,1.10813,-4.75103,-2.87081,-5.30356,174.655,-32.2417,-46.3495,-0.117449,0.0056,-0.02085
"DVIT_722",147939,0.25575,1.0815,-16.5793,-11.2472,-15.12,-114.041,-151.439,-19.2795,0.0963125,-0.019513,0.0097775
"DVIT_723",8365,0.228125,1.0905,2.9637,1.56446,27.5016,36.283,166.923,-14.8771,-0.010875,0.000305,0.06957
"DVIT_726",8388,0.2505,1.1455,0.464678,19.5157,-8.0392,-123.956,-115.254,28.9795,0.0449625,-0.01946,-0.0387688
"DVIT_728",8405,0.268625,1.09888,2.32882,-12.1093,-22.5799,-203.048,-118.482,-38.8309,0.122238,0.0201275,0.0091675
"DVIT_729",8412,0.253,1.10262,-13.7409,15.3031,6.54271,-167.349,38.8975,29.6498,0.128088,-0.0118824,0.0188663
"DVIT_730",147716,0.129875,1.06225,-1.50856,-14.6756,11.0379,275.153,-4.10604,-21.8309,-0.1433,-0.014425,0.053025
"DVIT_731",147719,0.154125,1.07775,-1.86277,3.85447,3.62705,77.7516,-98.8749,-20.5024,0.007555,-0.0223054,-0.0198662
"DVIT_732",8434,0.343,1.13963,18.921,13.3101,14.4172,-193.834,109.754,1.35294,0.115963,-0.005745,0.0270413
"DVIT_733",8435,0.24675,1.07388,1.34188,18.2054,23.2669,79.3073,225.359,-44.5643,0.017775,0.0131,0.0529125
"DVIT_736",8458,0.18975,1.08688,-7.4567,-6.29906,15.7206,171.054,3.05404,-22.3949,-0.128688,0.00277,0.049425
"DVIT_739",8475,0.30175,1.14688,-12.5965,4.72624,28.7987,-120.374,209.913,-38.5771,0.151688,-0.00949,0.0712875
"DVIT_741",147724,0.212875,1.0735,-19.5402,22.796,23.2767,-144.64,155.75,-5.1265,0.108612,0.0305213,0.005685
"DVIT_746",8531,0.1945,1.16812,21.0126,-6.92716,-11.592,-24.0728,-120.49,58.1274,-0.0882847,-0.0337575,-0.0165938
"DVIT_748",8547,0.27,1.097,-2.26668,35.6956,2.90292,-210.195,14.2578,35.1945,0.14975,0.00487,0.020125
"DVIT_749",8548,0.156625,1.0875,-8.16773,5.24762,1.81001,190.008,23.4355,11.3343,-0.0997125,-0.0077775,0.009325
"DVIT_751",8562,0.1305,1.1145,4.45015,-12.0378,23.6569,122.955,119.362,3.84276,-0.0708625,0.006975,0.0251
"DVIT_752",129934,0.16175,1.08275,11.6511,-6.15861,-7.39982,102.381,-119.639,51.5595,-0.0402187,-0.0389625,-0.0256414
"DVIT_753",8578,0.22375,1.1295,12.5102,5.97005,-3.97947,-19.8965,-2.25116,38.0303,-0.006225,-0.0022125,-0.00293375
"DVIT_755",8593,0.317125,1.1315,8.70542,-0.753496,2.77968,-229.548,-3.12489,28.3231,0.122063,0.0190237,0.0020945
"DVIT_756",8604,0.157,1.08225,-26.4224,19.3657,3.61821,104.281,138.5,25.5395,0.0255875,0.011425,-0.0186137
"DVIT_758",8620,0.27425,1.05612,-18.6552,13.7957,12.0817,-36.5695,140.838,-6.54379,0.0809125,-0.0003975,0.0413388
"DVIT_761",8638,0.102,1.07125,15.3763,-5.25988,9.50694,263.177,67.622,-15.5604,-0.1043,0.022845,-0.00175375
"DVIT_767",8685,0.244625,1.09425,-4.09079,19.1384,20.1962,-97.0582,137.842,-6.1766,0.081185,0.0361963,0.007914
"DVIT_769",147752,0.195625,1.05975,-25.5843,4.69761,-0.331398,-23.7652,23.9644,-12.3873,0.03545,0.00839375,-0.0147694
"DVIT_770",147755,0.221875,1.08038,-13.1801,-11.7889,-5.04907,-153.898,82.6814,-21.9566,0.061875,0.0202963,-0.0416425
"DVIT_771",147766,0.144,1.1158,-6.14055,12.05,-3.9873,118.571,21.0109,64.5102,0.00885,-0.0195,0.0016
"DVIT_773",8736,0.22225,1.082,-2.93543,18.2836,3.99372,-61.2379,128.083,-15.8192,0.10634,0.0652175,-0.0188125
"DVIT_774",130110,0.2595,1.09512,0.0451701,18.0813,0.612829,-181.907,33.1472,24.9588,0.1825,0.00973375,0.0435938
"DVIT_775",8752,0.2335,1.11613,2.72254,-4.76925,-15.8875,-146.832,-117.626,23.1538,0.020125,0.018425,-0.0332579
"DVIT_776",8766,0.224,1.0535,-24.6039,9.90996,17.3917,-161.885,91.7536,1.27064,0.1354,0.0319037,-0.00313125
"DVIT_777",147762,0.148625,1.07863,-17.1627,11.7229,14.5318,109.108,13.5459,-7.44501,-0.0725375,-0.0198125,0.0358125
"DVIT_778",147770,0.1325,1.0825,-21.6998,-6.78546,-14.0512,114.605,-81.9327,16.6882,-0.0074625,-0.0210625,-0.0763375
"DVIT_779",147771,0.1585,1.125,10.2761,-12.7303,0.14172,33.9402,-19.3625,42.6329,-0.07135,-0.020225,-0.065475
"DVIT_781",147775,0.162625,1.08962,6.6873,1.64772,0.329708,146.021,60.3355,64.3854,-0.0391375,-0.0652125,-0.00950125
"DVIT_783",8813,0.106875,1.08325,41.0635,1.61062,8.44536,168.492,-57.535,22.6546,-0.076825,0.0487713,0.0118625
"DVIT_786",147803,0.112375,1.10175,-10.319,11.2992,2.83325,235.171,-2.16081,40.2904,-0.0301987,-0.0400738,-0.09865
"DVIT_788",564003,0.142875,1.08175,23.5321,-8.42784,-25.852,137.132,-75.0142,18.0705,-0.0481,0.0548472,-0.0769625
"DVIT_789",147808,0.228,1.06438,-12.4434,25.832,10.9455,-18.7833,93.2885,24.2614,0.081025,0.038845,-0.0071225
"DVIT_790",8870,0.186,1.056,-10.1713,18.7055,3.33047,47.8673,26.9121,45.8307,0.0119275,-0.0140388,-0.01859
"DVIT_792",8889,0.128125,1.17687,45.7448,-4.5615,2.06373,90.563,-133.592,65.5455,-0.126062,0.0210063,-0.0501887
"DVIT_794",8906,0.259375,1.15188,55.6626,-8.81732,-13.6061,-52.7083,-104.931,43.506,-0.117738,-0.005825,-0.071075
"DVIT_795",564004,0.17075,1.07313,-37.4956,39.7847,7.2883,66.9438,109.25,39.5457,0.0529062,-0.0124887,0.00668125
"DVIT_796",147813,0.137875,1.11013,-1.13583,9.33046,-3.20519,13.579,-58.3442,39.8344,-3.75e-05,0.01556,-0.0186875
"DVIT_798",8941,0.212125,1.07525,36.9239,12.1706,-2.62859,36.1854,-38.983,-28.0578,-0.00585,0.0466512,-0.0195578
"DVIT_799",8944,0.18025,1.066,-13.0787,-2.32125,24.056,124.326,170.871,6.06601,-0.0502275,0.0192114,0.0675538
"DVIT_801",147814,0.188375,1.07888,10.7906,-0.461649,3.24371,102.094,-36.4701,-124.927,-0.02365,-0.00617875,0.0147025
"DVIT_802",8978,0.227625,1.1225,4.23481,17.6747,9.55765,-186.511,11.002,7.43302,0.070275,0.03222,-0.0384
"DVIT_803",564005,0.164125,1.09425,-4.97653,7.9698,7.6667,85.4897,67.8909,5.15966,-0.0662225,0.0322812,0.0101125
"DVIT_805",147817,0.10875,1.11675,15.9226,-15.2961,2.97065,192.734,12.9577,15.4039,-0.09697,0.008875,-0.038415
"DVIT_809",9042,0.11325,1.05288,-7.72124,12.8705,8.51245,267.052,15.773,32.9211,-0.0996057,-0.0534229,0.00270857
"DVIT_812",138065,0.1795,1.04888,30.7684,-5.94316,5.05415,-55.3945,-52.8783,1.03371,0.00511667,0.0401133,-0.0159833
"DVIT_822",147826,0.159,1.06688,13.7413,-8.97769,7.8011,-12.4624,-23.4655,43.5064,-0.0240975,-0.01115,0.00606375
"DVIT_826",9163,0.187125,1.14187,44.0518,-20.421,-14.3754,-10.282,-180.461,10.9606,-0.135107,0.0159,-0.046275
"DVIT_829",9183,0.167875,1.13538,20.9572,-1.92233,-20.0694,85.132,-137.19,10.4071,-0.1199,-0.0515714,-0.025539
"DVIT_830",147854,0.143375,1.104,-1.86149,-2.92766,5.41024,153.272,64.5598,-11.1263,-0.0705729,-0.00537857,0.04401
"DVIT_832",9209,0.227125,1.09813,-10.7893,-11.2213,-25.3051,-85.2587,-151.765,-27.0379,-0.033255,-0.018095,-0.0285262
"DVIT_837",9242,0.28425,1.07025,-9.19308,-5.74316,26.7396,-11.7141,180.63,24.4561,-0.003076,0.021315,0.083375
"DVIT_845",147838,0.130625,1.07825,8.41604,-5.72334,6.93306,148.281,-68.7687,-27.2253,-0.104655,-0.00879625,0.02428
"DVIT_847",147839,0.238125,1.086,0.65757,-5.22833,-5.69708,-69.4835,21.7978,-62.5766,0.0617825,0.00771,0.01309
"DVIT_853",564006,0.166375,1.04588,-10.0482,1.76766,20.8621,129.093,72.7647,-25.3372,-0.0413875,-0.03975,0.063225
"DVIT_855",9390,0.235625,1.09987,29.0539,2.73939,5.99037,-145.344,-38.6613,-3.73083,0.068895,-0.027245,0.0164488
"DVIT_858",9423,0.26,1.10975,4.98351,17.8836,3.85776,-30.4968,3.1125,4.54768,-0.0269375,0.00492,0.03056
"DVIT_860",9440,0.1985,1.08387,7.03493,3.28992,9.14473,21.175,11.5101,26.7208,0.008984,0.0253912,0.00907137
"DVIT_861",9448,0.2295,1.102,3.28534,-2.69111,31.0745,36.4308,164.714,2.11575,-0.081675,0.02445,0.0589
"DVIT_863",9466,0.20225,1.10737,-9.96314,9.84589,-28.2235,48.7621,-143.541,41.0082,-0.00593375,-0.0208625,-0.0657025
"DVIT_864",127745,0.16225,1.05763,-6.31154,-23.1316,8.62485,68.5754,-26.8473,-47.5333,-0.0195857,-0.0365529,0.00381429
"DVIT_866",9496,0.13275,1.06787,-10.8396,9.64967,4.91782,125.708,119.493,30.5563,-0.01722,0.003536,-0.012022
"DVIT_868",9517,0.178375,1.10013,-6.97773,4.80502,-4.31913,101.703,-25.1671,16.2797,-0.108412,0.034625,0.0333738
"DVIT_869",9526,0.163625,1.04338,-32.4079,-18.8726,2.57214,106.526,-90.7803,-56.163,-0.12514,-0.05942,0.016712
"DVIT_873",9563,0.203125,1.074,-6.05266,-13.8266,-3.13424,67.6082,-42.2575,15.0416,-0.119325,0.009084,0.0256063
"DVIT_875",9580,0.187,1.07563,-13.4966,9.44823,0.495522,-2.06312,-39.7332,36.2399,0.0673186,-0.0346,-0.00352286
"DVIT_876",147855,0.2145,1.13062,21.1582,-5.75238,-21.7013,-96.1257,-118.274,13.823,-0.0256625,0.0131875,-0.0564975
"DVIT_877",9597,0.1675,1.0925,10.9477,-25.1283,-22.6903,47.2756,-269.103,-48.1279,-0.126562,-0.0212025,-0.079
"DVIT_880",9625,0.383625,1.0985,12.4738,-12.4201,0.244307,-229.834,-36.8869,-41.4585,0.0816112,0.0176723,-0.02619
"DVIT_881",9637,0.2725,1.14013,-7.54071,-19.5127,-1.61718,-190.989,-148.219,-40.761,0.0958,0.015915,-0.04995
"DVIT_887",9688,0.14525,1.082,-10.6296,19.3878,13.4481,179.598,68.176,-20.2699,-0.0122625,-0.0357437,0.0150625
"DVIT_893",9753,0.25925,1.09512,-13.559,5.22106,-1.05576,-104.348,38.7383,-9.93719,0.109681,0.0106625,0.004255
"DVIT_894",9767,0.22475,1.06888,13.2369,1.54064,-5.21446,30.778,-9.52921,30.7857,-0.0211013,-0.0204162,0.0125988
"DVIT_895",9772,0.2185,1.08575,0.0236543,-0.021066,9.05577,62.9447,84.2315,20.9622,-0.0804625,0.0355787,0.058075
"DVIT_899",147872,0.11075,1.09187,2.9813,-8.86715,8.55776,239.942,-1.25961,0.911716,-0.0337,-0.0707143,-0.0743286
"DVIT_900",9832,0.196625,1.07275,-4.2799,2.2367,12.0943,26.009,54.1193,39.3426,-4.38e-05,-0.0357625,0.0259975
"DVIT_902",9853,0.23125,1.14525,-6.83719,17.1164,8.64981,-26.6019,74.2946,60.122,0.0256571,-0.0381244,0.0226116
"DVIT_917",10002,0.276125,1.15762,-27.2058,14.6995,-26.0294,-182.847,-66.4185,28.8022,0.06095,-0.0171261,-0.015095
"DVIT_922",147883,0.163875,1.12813,25.1841,7.80147,-12.7204,131.476,-119.683,50.8471,-0.101407,-0.1022,-0.042865
"DVIT_923",10056,0.1915,1.053,-44.8253,-4.81849,4.25745,-69.0479,161.123,-11.8973,0.09055,0.0210875,-0.0216875
"DVIT_924",10066,0.17475,1.07037,-11.8581,6.89541,4.4749,115.31,-19.6726,17.0808,0.00649625,-0.063625,-0.016925
"DVIT_926",10083,0.1835,1.09763,0.612411,-15.9732,1.98321,-47.775,-38.6895,4.55273,0.0108875,0.0159,0.0338512
"DVIT_927",10092,0.189375,1.0605,-39.8272,-7.69499,-20.6702,121.326,-145.137,-12.9219,-0.143025,-0.0376,-0.0209825
"DVIT_929",10113,0.151375,1.07412,13.4201,7.46471,-12.469,35.1347,34.4231,27.2641,0.0055375,-0.0066575,-0.027925
"DVIT_930",10121,0.272625,1.07488,-7.82125,13.8184,0.746565,-113.407,92.2281,2.93251,0.0867875,-0.00303125,0.00227375
"DVIT_932",150559,0.16075,1.08025,-9.88153,3.56439,-11.1001,9.15251,-51.5452,14.0992,-0.069385,0.0318524,-0.0533125
"DVIT_933",10154,0.244375,1.06675,15.3582,0.320501,-1.03796,-96.0071,10.5302,19.2761,0.03825,-0.00759116,0.00942625
"DVIT_934",147898,0.264875,1.12275,8.21904,-26.2585,-4.06106,-173.012,-98.365,-44.992,0.0745663,0.0107387,0.00294125
"DVIT_935",10174,0.1435,1.127,27.5542,-6.74851,1.67503,96.6949,-123.738,29.8319,-0.134,-0.0184125,-0.04115
"DVIT_936",10180,0.2145,1.0825,-10.0914,-17.2685,21.9125,116.434,109.214,-38.5223,-0.0220375,-0.00501,0.025775
"DVIT_937",10194,0.169,1.07963,26.1329,4.06366,10.2438,29.8868,-12.3139,-28.7539,0.0043485,0.00094,-0.0122137
"DVIT_938",10202,0.2695,1.14,10.3998,-7.57597,-19.0674,-191.84,-126.242,-21.4977,0.064775,-0.005751,-0.0526125
"DVIT_940",10222,0.133333,1.091,-7.84591,0.167018,2.78279,215.724,0.715707,-9.85822,-0.0831929,-0.0032,0.00288714
"DVIT_945",10269,0.191125,1.07837,25.8428,-11.9755,3.07917,-71.6666,-61.7353,-7.90899,0.01292,-0.00518375,-0.04395
"DVIT_946",564010,0.176875,1.0875,-10.5879,-18.1048,-18.0248,108.869,-68.0662,-10.1307,-0.0809687,-0.0132383,-0.0113587
"DVIT_947",10289,0.19475,1.1235,18.6897,5.90586,3.5125,68.9885,-61.7885,19.1813,-0.07995,-0.0581625,-0.0049175
"DVIT_948",10290,0.247,1.105,30.8529,-5.1343,-5.09607,-138.439,-131.055,20.2364,0.00666875,-0.00556375,-0.0546863
"DVIT_952",150560,0.17625,1.06575,-9.00073,-2.95098,-8.08212,-80.1392,-69.3848,0.185827,0.064775,0.00461,-0.0347963
"DVIT_953",10337,0.239,1.11813,12.5566,13.5952,8.51514,35.3325,28.8988,26.972,-0.0676962,-0.0252375,0.0269313
"DVIT_954",10342,0.2225,1.13563,27.3324,0.0130152,5.09034,-52.1984,-15.0535,20.494,0.0083125,0.02262,-0.0067325
"DVIT_956",147909,0.19475,1.11813,17.3831,16.0223,-18.6431,12.1917,-135.063,39.6663,-0.0131213,-0.0659638,-0.07645
"DVIT_958",10370,0.17575,1.08312,-22.513,2.96736,15.7568,9.18973,34.5723,41.2937,0.0170927,-0.039445,0.0284712
"DVIT_959",10376,0.267625,1.0935,27.5965,17.4968,1.48484,-154.94,-2.90985,18.7524,0.0251162,0.0207577,-0.0446413
"DVIT_963",147916,0.25075,1.09687,-10.55,5.76499,-10.0939,-147.921,-61.3426,19.883,0.112925,0.01689,-0.03165
"DVIT_964",10401,0.29225,1.149,31.26,20.6155,3.66547,-214.8,-19.2633,23.6315,0.08473,-0.01043,-0.00415125
"DVIT_966",147921,0.16625,1.08725,-5.79814,-12.5284,-0.0124179,114.599,-31.5895,-8.73359,-0.0557138,-0.00518713,-0.028175
"DVIT_967",10421,0.37275,1.1295,6.74305,-2.56127,0.051122,-204.614,-70.6343,-11.7296,0.092375,0.0240025,0.0095625
"DVIT_969",10433,0.1635,1.10725,-12.6552,6.00125,0.632703,98.3112,-29.8102,17.1143,0.0031125,-0.0409062,-0.0068775
"DVIT_970",10436,0.1845,1.04813,-5.67461,1.98161,19.9085,15.5185,114.481,-14.3966,-0.01918,0.02383,0.0227963
"DVIT_971",10450,0.15325,1.0775,-30.9455,4.09009,-13.0376,104.271,-132.806,12.791,-0.02915,-0.0205388,-0.0585375
"DVIT_972",10451,0.237,1.0845,-2.12146,13.5672,17.4637,-45.7063,44.9524,31.6345,0.0763025,-0.0231625,0.02185
"DVIT_973",10464,0.215625,1.11213,-0.743538,21.2169,12.6006,-103.367,104.483,50.6009,0.0525,0.0101239,-0.00229
"DVIT_974",10465,0.213,1.07037,-16.6648,15.4002,17.1707,119.262,161.936,1.62746,-0.0540375,0.013775,0.049575
"DVIT_977",10500,0.174,1.07862,-14.9362,12.3724,-14.0264,56.326,-122.208,25.0385,-0.0503087,-0.0301,-0.0147163
"DVIT_982",10524,0.196875,1.07012,-22.0931,7.00553,4.48689,-32.1184,114.477,29.5082,0.0626625,0.0128562,-0.0104688
"DVIT_983",140079,0.1695,1.05063,-5.33881,-13.8858,-3.74723,-65.7618,-50.747,-11.3343,0.0357125,0.0036035,-0.0312625
"DVIT_985",10541,0.1485,1.06288,-15.0301,-0.178444,10.4973,120.466,37.0993,24.4722,-0.0365175,-0.0416625,-0.007975
"DVIT_986",10546,0.22625,1.06075,-16.9144,-12.3554,-3.22924,-27.1403,16.6714,7.51865,-0.01325,0.023916,0.0096125
"DVIT_988",10561,0.173375,1.13437,-8.44123,-11.1713,13.9276,80.137,75.1165,-15.2579,-0.0422817,-0.00784167,0.0374333
"DVIT_989",10569,0.28175,1.11213,8.47057,18.5241,8.98186,-105.906,-12.3521,24.2948,0.125975,0.0272275,0.016211
"DVIT_99",2673,0.27925,1.07512,-10.701,-3.81685,0.80459,-163.345,-6.45199,-22.4306,0.09825,0.00602,-0.0129637
"DVIT_994",10594,0.223375,1.11725,15.6582,-1.90993,1.33082,-28.8111,57.4902,37.533,0.0199034,-0.0179775,-0.0167525
"DVIT_996",147925,0.1915,1.0945,-1.67531,3.84882,4.93075,-77.0682,-13.9519,15.3345,0.0772,-0.00972129,-0.0176514
"DVIT_997",147930,0.1525,1.117,40.2335,-5.96633,-2.38678,62.3669,-214.359,16.0317,-0.0345,-0.094495,-0.0381475
"DVIT_998",147697,0.14,1.072,-25.7006,29.2135,2.75149,147.71,73.0493,28.8025,0.017375,-0.052705,-0.0389988
"DVIT_999",10625,0.165375,1.07187,-25.8607,16.6381,12.2862,64.6309,116.796,-17.1622,0.0116375,0.0387762,-0.0077375
